{"dealer_3":{"slot_2":{"position":{"x":-41.70999908447265,"y":-1099.5799560546876,"z":26.42000007629394,"w":96.79000091552736},"model":"casco"},"slot_1":{"model":"pigalle","position":{"x":-50.68999862670898,"y":-1093.6400146484376,"z":26.02000045776367,"w":148.24000549316407}}}}