{"dealer_3":{"slot_2":{"position":{"x":-41.70999908447265,"y":-1099.5799560546876,"z":26.42000007629394,"w":96.79000091552735},"model":"stalion"},"slot_1":{"model":"z190","position":{"x":-50.68999862670898,"y":-1093.6400146484376,"z":26.02000045776367,"w":148.2400054931641}}}}