{"81":{"acess":{"identifier":"steam:110000137ab9d79"},"max":"3","slots":[[{"z":29.21201705932617,"y":-839.3671264648438,"h":35.76495361328125,"x":313.2182922363281},true],[{"z":29.20894622802734,"y":-843.0870971679688,"h":153.22813415527345,"x":314.3754577636719},true]],"coords":{"z":29.34452629089355,"y":-851.526123046875,"h":224.0380096435547,"x":316.6505432128906}}}